Domain,Count
docs.npmjs.com,273
github.com,4152
polyfill.io,6
www.npmjs.com,2148
twitter.com,4860
www.jsdelivr.com,9
status.npmjs.org,87
hackernoon.com,47
davidwalsh.name,14
engineering.fb.com,32
nodejs.org,44
license.md,2
snack.expo.dev,1
codesandbox.io,29
t.co,412
npm-stat.com,13
gist.github.com,156
yasiv.com,1
blog.npmjs.org,492
www.c-sharpcorner.com,1
news.ycombinator.com,9
hashnode.com,7
medium.com,370
www.kb.cert.org,1
substack.net,11
stackoverflow.com,81
codingkilledthecat.wordpress.com,2
soundcloud.com,1
app.travis-ci.com,12
coderwall.com,6
diff.intrinsic.com,4
classic.yarnpkg.com,38
wonder-blocks.netlify.app,1
scalenpm.org,109
npm.pkg.github.com,6
subscription.packtpub.com,1
tidelift.com,1
preconstruct.tools,1
ghub.vercel.app,1
bubblin.io,1
www.npm-stats.com,35
www.pika.dev,6
dfcreative.github.io,1
bundlephobia.com,42
gitlab.com,9
github.blog,161
tieba.baidu.com,1
registry.npmjs.org,44
ghub.io,4
www.joezimjs.com,4
semver.npmjs.com,16
browsenpm.org,5
calvinmetcalf.com,2
anders.janmyr.com,2
www.letscodejavascript.com,4
mixu.net,3
evanhahn.com,3
ericleads.com,2
tobyho.com,1
fredkschott.com,4
leanpub.com,7
www.wolfe.id.au,2
shapeshed.com,3
blog.pebblecode.com,1
wizcorp.tumblr.com,1
h3manth.com,3
www.jackfranklin.co.uk,3
dontkry.com,2
www.codinginthecrease.com,1
blog.izs.me,5
carrot.is,1
outof.me,3
npmalerts.herokuapp.com,1
mclear.co.uk,1
jshint.com,3
lincolnloop.com,2
jspm.org,4
requirebin.com,3
book.mixu.net,1
jameshfisher.com,3
blog.sugarshin.net,1
qiita.com,56
efcl.info,2
techcrunch.com,7
webdesign.tutsplus.com,1
blog.koba04.com,2
docs.github.com,15
ionicabizau.net,8
appmaster.io,3
ipinfo.io,2
asciinema.org,4
www.reddit.com,23
www.skypack.dev,5
deno.com,3
docs.skypack.dev,1
stenciljs.com,2
www.pikapkg.com,6
rimdev.io,2
unpkg.com,34
kendaleiv.com,1
nodesource.com,54
wzrd.in,3
steveklabnik.com,5
twitpic.com,3
pm2.keymetrics.io,3
michael-kuehnel.de,1
npm.runkit.com,6
rollupjs.org,1
www.haukeluebbers.de,1
mastodon.social,10
www.cloudflarestatus.com,4
www.slideshare.net,6
www.youtube.com,194
gofore.com,6
www.gatsbyjs.com,4
semver.org,4
rollingversions.com,1
parcel2-repl.vercel.app,1
oligofren.wordpress.com,1
maxgfeller.com,2
css-tricks.com,14
medium.freecodecamp.com,24
support.google.com,1
runkit.com,17
www.hanselman.com,8
npms.io,20
babeljs.io,4
threejs.org,1
www.mend.io,3
app.coffee,1
numb86-tech.hatenablog.com,10
jser.info,25
blog.ryotak.net,2
labs.cybozu.co.jp,2
www.bleepingcomputer.com,13
dev.to,77
zenn.dev,20
bugs.webkit.org,1
2ality.com,22
thehackernews.com,3
orta.io,4
overreacted.io,14
www.zdnet.com,32
velociraptor.run,1
sapegin.me,1
htn.to,160
korosuke613.hatenablog.com,2
npmfs.com,4
circleci.com,2
achingbrain.github.io,1
cloudup.com,1
plets.me,1
app.pluralsight.com,1
www.seanmcp.com,1
b.hatena.ne.jp,65
esmodules.dev,1
techfeed.io,1
blog.watilde.com,8
0-9.tumblr.com,2
snyk.io,37
izs.tumblr.com,1
bundle.fregante.com,1
apps.apple.com,2
codular.com,1
libraries.io,2
code.visualstudio.com,5
www.infoq.com,3
www.sciencealert.com,1
datatracker.ietf.org,2
jobs.lever.co,6
www.kochan.io,5
cto.ai,3
www.google.de,1
dynastyjs.com,1
chancejs.com,1
darelf.github.io,1
jit.su,2
iamakulov.com,7
ionicframework.com,1
m98.be,1
blog.cybozu.io,7
ci.appveyor.com,3
survivejs.github.io,1
futurealoof.com,1
replit.com,5
www.google.com,7
njt.vercel.app,5
npmtrends.com,37
elijahmanor.com,9
pgilad.github.io,3
swc.rs,2
www.theregister.com,18
basarat.com,1
basarat.gitbook.io,2
alm.tools,1
ruanmartinelli.com,2
ww25.hyperfoo.io,7
esbuild.vercel.app,1
pnpm.js.org,27
ww1.saber.land,1
poi.js.org,1
packagephobia.com,17
codepan.net,1
sao.js.org,1
stackblitz.com,4
get.volta.sh,1
api.npmjs.org,4
haveibeenpwned.com,2
thomashunter.name,1
sambleckley.com,3
registry.yarnpkg.com,12
pastebin.com,4
video-api.support.vonage.com,1
jpsoft.com,1
developer.salesforce.com,4
japaneseemoticons.me,1
npm-repo.vercel.app,1
npmcharts.com,7
staging.arc.codes,1
sonicdoe.com,1
media.giphy.com,2
serenity-js.org,2
jan-molak.github.io,4
janmolak.com,1
testguild.com,1
www.placedeslibraires.fr,1
apprendre-nodejs.fr,3
archive.newtriks.com,1
elegantcoder.com,1
glitch.com,3
registry.npmjs.com,5
example.org,3
frontendweekly.tokyo,1
www.polymer-project.org,6
jpospisil.com,4
retirejs.github.io,1
rubygems.org,4
docs.google.com,6
web.dev,6
www.meetup.com,21
i.imgur.com,6
www.conventionalcommits.org,2
haloapi.js.org,1
search-status.yarnpkg.com,1
rushjs.io,10
changelog.md,2
registry.npmjs.eu,3
nx.app,2
console.info,1
slides.com,8
yarnpkg.com,22
prettier.io,2
testing-library.com,2
www.briefs.fm,1
online.stanford.edu,1
gerhut.me,1
codesurfer.pomb.us,1
opencollective.com,10
mobile.twitter.com,1
stateofjs.com,1
discord.com,3
esbuild.github.io,1
docs.gitlab.com,1
clojurescript.org,1
nextjs.org,2
www.onegraph.com,1
nvmjs.com,1
learn.microsoft.com,10
awe.sm,1
www.frontendhappyhour.com,1
plnkr.co,3
skratchdot.com,2
jongleberry.com,1
egghead.io,20
livescript.net,1
gkz.github.com,1
volta.sh,1
rushstack.io,1
zulip.com:443,1
www.are.na,1
p.datadoghq.eu,2
en.wikipedia.org,9
yarn.npmjs.org,3
yarnpkg.github.io,2
kirimin.hatenablog.com,1
speakerdeck.com,16
kostasbariotis.com,1
nodeweekly.com,3
blog.logrocket.com,6
mafintosh.com,1
workspaceupdates.googleblog.com,6
www.oreilly.com,2
slides.com:443,1
gugel.io,4
www.figma.com,2
www.typescriptlang.org,5
gfx.hatenablog.com,1
hudochenkov.com,1
maecapozzi.com,3
chromewebstore.google.com,3
znck.dev,1
www.thegithubshop.com,2
anvaka.github.io,21
npm.anvaka.com,6
addyosmani.com,16
msurguy.github.io,2
markmoffat.com,1
npmdaily.com,2
ww25.nzzl.us,1
verdaccio.org,17
deno.land,4
www.instagram.com,28
tsdx.io,1
ricostacruz.com,4
rails-assets.org,1
jhalderm.com,1
gratipay.news,1
rxdb.info,3
doc.rust-lang.org,1
webslides.tv,1
ajv.js.org,1
cost-of-modules.herokuapp.com,4
nodejsreactions.tumblr.com,4
cl.ly,5
bedrock.mxstbr.com,1
arstechnica.com,6
web.archive.org,3
www.dynamicdrive.com:80,1
docusaurus.io,4
blog.expo.dev,3
lea.verou.me,1
www.snowpack.dev,6
nodejs.medium.com,5
moroccojs.org,2
firstdoit.com,2
www.sitepoint.com,20
176.9.4.195,1
codepen.io,10
lnkd.in,24
www.coreybutler.com,1
pnpm.io,12
npmjs.tumblr.com,13
nxpm.dev,1
feedback.azure.com,1
www.drmaciver.com,1
smus.com,1
blog.heroku.com,2
vimeo.com,3
packemon.dev,1
solverfox.dev,1
www.evanlovely.com,1
www.psedici.com,1
vector-graph.com,2
reactflow.dev,1
statux.dev,1
serverjs.io,3
modelpredict.com,1
survey.stackoverflow.co,1
next.yarnpkg.com,2
legacy.reactjs.org,1
bulbapedia.bulbagarden.net,2
bytearcher.com,5
aur.archlinux.org,1
marketplace.visualstudio.com,8
risingstack.com,1
ponyfoo.com,10
perrymitchell.net,1
ashleygwilliams.github.io,4
mailchimp.com,3
www.greaterthancode.com,1
survivejs.com,3
www.pscp.tv,3
standardjs.com,4
skimdb.npmjs.com,1
date-fns.org,1
blog.geolonia.com,5
yosuke-furukawa.hatenablog.com,9
blog.artofcoding.nl,4
artofcoding.nl,1
blog.risingstack.com,26
esy.sh,1
sywac.io,1
contolini.com,1
blakeembrey.com,1
rwt.io,1
bricolage.io,1
api.npms.io,4
www.coreycleary.me,1
zellwk.com,5
grubersjoe.github.io,1
old.reddit.com,1
masteringjs.io,8
thecodebarbarian.com,14
glebbahmutov.com,3
packagist.com,1
npmjs.statuspage.io,2
habr.com,3
www.heise.de,2
react.dev,1
www.thenativeweb.io,2
jamie.build,5
jasonmerino.me,1
feedly.com,5
joesul.li,1
lavaldi.com,2
harry.garrood.me,2
codewithhugo.com,2
scrapbox.io,1
www.notboring.co,1
passport.weibo.com,2
t.cn,4
developer.epages.com,1
support.github.com,1
www.electronjs.org,3
addons.mozilla.org,1
replicate.npmjs.com,6
api.emojitracker.com,1
zeke.sikelianos.com,3
npmhub.org,5
developer.chrome.com,1
changelog.com,4
www.dash.app,1
www.github.careers,1
1win.pe,1
i.giphy.com,2
www.swarmapp.com,4
greenkeeper.io,4
jsbelgrade.org,1
eslint.org,9
apply.workable.com:443,2
kottke.org,1
blogs.infinitesquare.com,1
keybase.io,1
stack.gl,2
roost.bocoup.com,1
mahnunchik.tumblr.com,1
node-os.com,7
www.npmjs.stfi.re,2
github.stfi.re,1
npm-stats.com,5
nodejspdx2015.sched.com,1
blog.parseplatform.org,1
paypal.github.io,1
jeremiak-blog.tumblr.com,1
new-npm-versions.glitch.me,6
foldable-devices.github.io,1
devblogs.microsoft.com,11
crates.io,9
blog.greenkeeper.io,2
vitaly-t.github.io,1
sirap-group.github.io,1
www.clock.co.uk,3
cssnext.github.io,1
bower.io,3
www.johnpapa.net,5
developer.ibm.com,2
joseluisq.github.io,1
tiloid.com,7
developer.github.com,1
bookmarkleet.com,1
andersdjohnson.com,1
robertohuertas.com,1
rustwasm.github.io,1
npm.fabit.ru,1
www.asyncapi.com,1
bit.dev,2
givan.se,3
www.codejam.info,1
dev.azure.com,5
www.session.vc,1
vmx.cx,1
registry.node-modules.io,1
jdan.github.io,1
angular.io,1
xkcd.com,3
tsuyoshiwada.github.io,2
lib.haxe.org,1
teenyicons.com,1
andreybleme.com,1
gitpkg.vercel.app,1
webpack.js.org,6
jackmcdade.com,1
getpino.io,1
www.timo-ernst.net,1
codsen.com,1
www.wheresrhys.co.uk,1
www.justgiving.com,1
www.remotion.dev,6
www.imgix.com,1
www.budget-branding.com,1
blog.novanet.no,1
shift.infinite.red,6
www.kevinsimper.dk,1
kevinsimper.github.io,1
blog.chromium.org,1
wrapbootstrap.com,1
feather.netlify.app,1
infrequently.org,1
js-code-search.netlify.app,2
npmarket.netlify.app,1
davidwells.io,4
getanalytics.io,4
docs.amplify.aws,2
www.simoahava.com,1
scottspence.com,1
toot.cafe,1
blog.teamtreehouse.com,2
nemethgergely.com,1
expo.dev,2
www.amazon.com,1
docs.conda.io,1
www.producthunt.com,5
www.wolksoftware.com,1
www.algolia.com,1
cyclejs-community.github.io,1
blog.klipse.tech,1
app.circleci.com,2
commerce.nearform.com,4
www.mixmax.com,12
developer.mozilla.org,4
yeoman.io,3
npmstats.com,1
tormozz48.github.io,1
blog.wu-boy.com,8
ultcombo.js.org,1
boards.greenhouse.io,1
devtheory.fr,1
njsi2019.sched.com,1
ruyadorno.com,1
eventmobi.com,1
zelt.app,1
www.w3.org,2
cheatsheetseries.owasp.org,1
blog.pastak.net,1
c-note.chatwork.com,1
nukosuke.hatenablog.jp,1
mopid.me,2
www.facebook.com,11
cesanta.com,1
www.nordicsemi.com,1
coderbyheart.com,1
www.digitalocean.com,18
yehudakatz.com,1
jfrog.com,3
localhost:8080,1
www.dailymotion.com,1
incolumitas.com,2
www.aha.io,2
jsconf.jp,1
www.vmware.com,1
www.namecoin.org,1
help.twitter.com,1
gist.githubusercontent.com,2
abaplint.org,1
playground.abaplint.org,1
gianlucaguarini.com,2
drublic.de,4
security.snyk.io,9
blog.acolyer.org,1
blog.sonatype.com,5
www.pkgstats.com,4
itnext.io,6
snipcart.com,1
horizon.io,1
merencia.com,1
stormpath.com,1
www.airship.com,1
adonisjs.svbtle.com,1
getpocket.com:443,3
ww25.vuetelemetry.com,1
huntr.dev,2
tldr.sh,1
codeforgeek.com,11
www.kjetilk.com,1
schneid.io,7
regexr.com,1
coolors.co,1
caniuse.com,2
nodeschool.io,3
www.npmdiscover.com,2
www.dropbox.com,1
typicode.github.io,2
moiva.io,3
styled-components.com,1
www.i18next.com,3
trends.google.com,1
i18next.com,5
locize.com,5
www.robinwieruch.de,1
flowchart.js.org,2
link.medium.com,16
react.i18next.com,3
projectfluent.org,1
adrai.medium.com,3
mark.stosberg.com,1
sandstorm.io,1
unix.stackexchange.com,2
adonisjs.com,1
ncss.io,1
registry.hub.docker.com,1
www.nishinippon.co.jp,1
collectednotes.com,1
sergiodxa.com,2
sdx.im,1
favicons.io,1
ww7.hackmyresume.com,1
www.nme.com,1
matthijskamstra.github.io,1
optimizetoolset.com,1
colorsets.com,1
djangopackages.org,1
gihyo.jp,1
support.snyk.io,1
bertusk.medium.com,2
imgs.xkcd.com,2
damien.pobel.fr,1
silvenon.com,2
iamturns.com,3
npmmirror.com,3
yastatic.net,1
michelenasti.com,2
requirejs.org,1
hacks.mozilla.org,3
luvit.io,1
$%7BGITHUB_TOKEN%7D:x-oauth-basic@github.com,1
www.tiernok.com,2
palantir.github.io,2
www.jslint.com,2
programmer-girl.com,2
blog.gutek.pl,2
piecioshka.pl,4
cdn-images-1.medium.com,2
www.twitch.tv,17
therootcompany.com,1
webinstall.dev,1
coolaj86.com,1
git.rootprojects.org,1
pkg.go.dev,1
hub.docker.com,5
www.hilgraeve.com,1
photos.google.com,1
www.twilio.com,13
www.hydramicroservice.com,1
intuit.github.io,3
userstyles.org,1
tubes.dev,1
link.springer.com,1
booker.codes,4
alan.norbauer.com,1
www.raptorjs.org,1
tech.plaid.co.jp,1
www.freecodecamp.org,10
udgwebdev.com,1
tools.hana.ondemand.com,1
stt.readthedocs.io,1
stealjs.com,1
www.amcharts.com,1
paazmaya.com,1
qz.com,2
engineering.dena.com,1
www.publickey1.jp,7
bjango.com,1
blog.daftcode.pl,1
nvd.nist.gov,2
webcodex.dev,1
blog.sonatype.com#.VEAxOck08TE,1
thom4.net,2
simonewebdesign.it,1
www.indeed.com,1
jbavari.github.io,1
cpplover.blogspot.com,1
ism1000ch.hatenablog.com,1
www.linkedin.com,18
vercel.com,5
wiki.debian.org,1
title.sh,1
ericdouglas.github.io,1
strapi.io,1
www.irozhlas.cz,1
theoatmeal.com,1
sourcegraph.com,1
denopack.mod.land,1
www.carlrippon.com,1
nicco.io,1
napi.rs,1
s9a.page,1
content.evernote.com,1
siderite.dev,1
blog.stackblitz.com,2
open.spotify.com,4
ifttt.com,1
inch-ci.org,1
raw.githubusercontent.com,2
mermaid.js.org,1
news.softpedia.com,3
n8d.at,2
www.pluralsight.com,3
lit.dev,2
blog.jetbrains.com,1
r7kamura.com,1
das.encs.concordia.ca,1
reakit.io,1
www.webcomponents.org,3
www.nytimes.com,2
www.ruby-toolbox.com,2
ww16.nzzl.us,1
aws.amazon.com,2
rubyonrails.org,1
engineering.flipboard.com,1
docs.nativescript.org,4
esnextb.in,3
overcast.fm,2
ash.gd,1
surge.sh,2
www.tumblr.com,4
ubuntu.com,1
ww16.dogescript.com,1
tidal.com,1
www.rupeshtiwari.com,1
www.amberbit.com,1
wesbos.com,5
blog.ghaiklor.com,1
meabed.com,1
blog.codepen.io,2
rantlang.github.io,1
ishotjr.com,1
npmcdn.com,1
webcomponents.org,1
kw-note.com,1
giphy.com,3
jrit-blog.tumblr.com,1
www.sensedeep.com,1
tom.preston-werner.com,1
dev.edenspiekermann.com,2
the-guild.dev,1
hexdocs.pm,1
docs.expo.dev,3
blog.javascripting.com,1
juliandavidmr.github.io,1
www.johno.com,1
www.apple.com,2
gyazo.com,4
version-adoption.vercel.app,1
reemus.dev,1
topheman.github.io,3
docs.docker.com,1
www.smashingmagazine.com,2
blog.cozy.io,1
carbon.now.sh,1
webmention.rocks,1
pinia.vuejs.org,1
example.com,1
sethvincent.com,1
docs.aws.amazon.com,2
flippinawesome.org,4
superbigtree.tumblr.com,2
jsgv.io,1
www.liip.ch,1
qawolf.notion.site,1
packagist.org,4
guides.rubygems.org,1
www.stefanjudis.com,11
codeburst.io,5
contentblocks.herokuapp.com,1
browserify.org,2
benjaminreid.me,1
szymonkaliski.com,1
dev.rootstock.io,1
groups.google.com,4
create-react-app.dev,2
www.pinterest.com,1
www.phpclasses.org,1
powerbi-cli.github.io,1
www.davidhaney.io,3
lexi-lambda.github.io,2
humanmade.github.io,2
martijnversluis.github.io,1
objects.githubusercontent.com,1
trends.builtwith.com,1
flipboard.com,1
blog.getbootstrap.com,2
bagelee.com,1
jmduke.com,1
scalablytyped.org,1
redpen.cc,1
api-docs.npms.io,1
techracho.bpsinc.jp,1
pub.dev,1
letstalk.dev,1
solarliner.dev,1
www.theverge.com,1
app.gitter.im,3
wordpress.org,2
esbin.netlify.app,1
popper.js.org,1
levelup.gitconnected.com,1
www.quora.com,2
auth0.com,3
juffalow.com,1
jaydenseric.com,2
security.googleblog.com,1
www.apiful.io,3
invertase.io,1
bigshoulders.city,1
njl07.github.io,1
archlinux.org,1
termux.com,1
docs.deno.com,3
ghz.me,1
nec.is,1
bit.ly,2
blog.andyet.com,1
taskfile.dev,1
wordpress.com,1
devcenter.heroku.com,2
scribbletune.com,1
node.green,1
www.provisioniam.com,2
platform.text.com,1
hakatashi.hatenadiary.com,1
futurestud.io,2
img.shields.io,1
citation.js.org,1
bitbucket.status.atlassian.com,1
openjsworld2020.sched.com,2
www.phpied.com,1
stars.yangerxiao.com,1
blog.angular.io,1
prezi.com,1
www.thalia.de,1
stackshare.io,1
www.cloudron.io,1
viennajs.org,1
www.surveymonkey.com,1
dzone.com,2
repo.vercel.app,1
rnplay.org,1
packagecontrol.io,1
martineau.tv,1
js.coach,1
npmawesome.com,2
blog.frickjack.com,1
freakycoder.com,1
amzn.github.io,2
flaviocopes.com,3
harksys.com,1
mrmrs.io,1
www.jetbrains.com,1
packagequality.com,2
spatie.be,1
packaging.python.org,1
trailblazer.salesforce.com,1
ia801205.us.archive.org,1
ia801203.us.archive.org,1
philipwalton.com,1
s.svarun.in,1
www.amitmerchant.com,1
midu.dev,3
alfilatov.com,1
autocomplete.trevoreyre.com,1
tweakers.net,1
www.commitstrip.com,3
www.emmanuelgautier.fr,1
www.dio.me,1
www.chadly.net,1
blog.johnnyreilly.com,2
entwickler.de,2
www.engineyard.com,1
ktquez.github.io,2
www.nps.gov,3
bocoup.com,2
daniel-lundin.github.io,1
www.researchgate.net,1
forums.malwarebytes.com,1
www.prnewswire.com,1
soledadpenades.com,1
sancho.dev,1
pawelgrzybek.com,8
varya.me,1
dev.classmethod.jp,5
teppeis.hatenablog.com,2
hexa.run,1
ngx.tools,2
caolan.github.io,1
2015.jsconfchina.com,2
blog.opencollective.com,1
chrispanag.com,1
us4.campaign-archive.com,2
www.cloudflare.com,1
yanick.github.io,1
kevinkreuzer.medium.com,1
pptr.dev,1
voos8.codesandbox.io,1
nativescript.org,4
naomiaro.github.io,2
tooling.github.io,1
d3vv6lp55qjaqc.cloudfront.net,1
torgeir.github.io,1
www.namecheap.com,1
techtldr.com,2
npmdrinkinggame.party,1
goo.gl,2
feedproxy.google.com,5
bithound.io,1
www.runpkg.com,1
ti.to,2
banseivlog.hatenablog.jp,1
www.progress.com,1
www.screencast.com,1
www.sonarsource.com,1
svelte.dev,3
arc.codes,1
blog.bitsrc.io,4
nickmccurdy.com,1
testing-playground.com,1
www.webcreatorbox.com,1
fast.com,1
www.filedropper.com,1
2019.jsconf.asia,1
blog.heyday.xyz,2
sourcehut.org,1
about.gitlab.com,1
www.zarf.co,1
www.software-architects.com,1
hooks.com,1
www.xtuple.com,1
nodechecker.com,2
iconutopia.com,1
www.tourmag.com,1
nitayneeman.com,2
forums.swift.org,1
www.businessinsider.com,2
package.community,10
www.mscharhag.com,1
codingsans.com,1
remysharp.com,3
humanwhocodes.com,3
tilomitra.com,2
blog.tarekjellali.com,1
ar.al,1
app.asana.com,1
dojo.io,1
theintern.io,1
blog.cloudflare.com,1
plugins.jquery.com,1
blog.nodejs.org,1
eleventy-embed-tweet.netlify.app,1
ceramic.network,1
thoughts.al-the-x.me,1
draculatheme.com,1
vuetifyjs.com,1
cordova.apache.org,2
cloud.google.com,4
deps.dev,5
opensource.google,1
r.cnpmjs.org,1
www.microsoft.com,2
www.codedependant.net,1
meeseeks.app,1
ethers.io,1
shhdharmen.github.io,1
sass-guidelin.es,1
danielsogl.github.io,1
bost.ocks.org,1
www.jstor.org,1
emberobserver.com,1
shoptalkshow.com,1
blog.pankaj.pro,2
www.welcometothejungle.com,3
install.md,1
chainid.network,1
lucumr.pocoo.org,3
www.evernote.com,1
dackdive.hateblo.jp,4
thlorenz.com,3
vscode.rocks,1
www.hostingadvice.com,1
astrotomic.info,1
scholars-stage.org,1
ngrok-dns.june07.com,2
blog.june07.com,3
minesweeper.june07.com,1
fanfou.com,1
cloud.redhat.com,1
code.tutsplus.com,2
twitter.github.io,1
pmuellr.blogspot.com,1
j.mp,1
socket.io,3
bit.cloud,1
bestofjs.org,1
tpu-121.gpt4.org,1
www.nuget.org,1
devadjust.exblog.jp,1
www.marcusoft.net,1
docs.volta.sh,1
www.splunk.com,1
cdn.jsdelivr.net,2
www.brookings.edu,1
www.toptal.com,1
docs.travis-ci.com,2
kunuk.wordpress.com,1
mcr.microsoft.com,1
shields.io,4
appleple.github.io,2
nfug.connpass.com,1
www.appleple.com,1
horicdesign.com,1
formik.org,1
app.travis-ci.com:443,1
npmview.vercel.app,1
www.11ty.dev,1
natemcmaster.com,1
pusher.com,2
tech.pro,1
roblahoda.com,2
www.kickstarter.com,2
packages.unity.com,1
tutorialhorizon.com,1
ggoodman.github.io,4
embed.plnkr.co,3
devblog.thebase.in,2
neon-bindings.com,1
build.sh,1
parceljs.com,2
nodei.co,2
www.scoop.it,1
batmanjs.org,1
www.aslakhellesoy.com,1
pi.pe,1
spector.babylonjs.com,1
jasonformat.com,2
angularjs.blogspot.com,1
npmjsoffline.wordpress.com,1
shellyln.github.io,1
victorleungtw.com,1
outdated.sh,1
blog.anoff.io,1
lornajane.net,1
nx.dev,1
javascript.github.com,1
jsfiddle.net,1
soss.vercel.app,1
giuseppeg.github.io,1
myworkspace.slack.com,1
observablehq.com,2
oembed.com,1
michalzalecki.com,1
getglue.com,1
hail2u.net,1
unicode-org.atlassian.net,1
webpack.github.io,2
alexfedoseev.com,1
redux-toolkit.js.org,1
www.kirankumarambati.me,1
gists.rawgit.com,1
graphql.org,2
developer.okta.com,1
www.vzhurudolu.cz,1
m.inlinemanual.com,1
internals.rust-lang.org,2
getpocket.com,3
blog.recurity-labs.com,1
redacted.s3-us-west-2.amazonaws.com,1
evilpacket.net,1
yoriiis.github.io,2
cutting.scot,1
wicki.io,1
bradoyler.tumblr.com,1
www.keithcirkel.co.uk,3
ariya.io,1
blog.isquaredsoftware.com,1
cameronnokes.com,1
suckless.org,1
research.swtch.com,1
vxer.org,1
mw.codes,1
omakoleg.gitlab.io,1
codeberg.org,5
picostitch.com,3
slashdot.org,1
antistatique.net,1
navio.dev,1
esm.sh,1
jubianchi.github.io,2
unicorn-utterances.com,1
jgable.github.com,1
www.datadoghq.com,1
www.impressivewebs.com,3
www.ryadel.com,7
vendure.io,1
www.fs.blog,1
www.sheshbabu.com,2
www.takeshape.io,1
node-tooling.slack.com,1
collabsummit.qiqochat.com,1
deepu.tech,1
easyretro.io,1
blog.mindtravel.nl,1
opensource.com,1
tyankatsu.netlify.app,2
untappd.com,1
www.sanity.io,1
www.jianshu.com,1
www.infoq.cn,2
usehooks.com,1
thenewstack.io,2
uxplanet.org,1
theiaology.com,2
changelogs.xyz,1
nutboltu.github.io,1
petermikitsh.github.io,1
cobwwweb.com,1
www.seankenny.me,1
bitbucket.org,1
github-cloud.s3.amazonaws.com,1
pypi.org,1
japan.cnet.com,1
trufflesuite.github.io,1
jsbin.com,1
www.gov.uk,1
buddy.works,1
houdini-static-gradient.netlify.app,1
bovinosoftexas.com,1
coderaiser.github.io,1
python-poetry.org,4
git.io,1
frontarm.com,1
www.plurk.com,6
static.npmjs.com,1
blog.khaliqgant.com,1
choosealicense.com,2
www.swyx.io,1
ghost.org,1
portal.productboard.com,1
ww25.blog.saltfactory.net,1
nhoizey.github.io,1
pack11ty.dev,1
twitamore.com,1
ironsoftware.com,1
cloudappsec.net,2
places.singleplatform.com,1
elmah.io,1
dotnet.microsoft.com,4
spin.atomicobject.com,2
node.dev,1
pixelatedworks.com,1
btao.org,1
www.travis-ci.com,1
github.ibm.com,1
npmaddict.com,2
smalljs.org,1
learnjs.io,1
tfrommen.de,4
justinjohnson.org,1
xnimorz.github.io,1
www.uco.es,2
codechips.me,1
martinemmert.tumblr.com,1
www.jamasoftware.com,1
teddysun.com,1
bretcameron.medium.com,1
www.boredpanda.com,2
www.theolognion.com,1
nipstr.com,1
www.niels-ole.com,1
dendritictech.com,1
www.covalenceconf.com,1
david-gilbertson.medium.com,3
blog.explosion-pills.com,1
blog.jim-nielsen.com,1
frankchimero.com,1
mwiede.me,1
areknawo.com,1
landing.google.com,1
venturebeat.com,1
blog.ipfs.io,1
js.org,1
namae.dev,1
desktop.github.com,1
us-east.manta.joyent.com,1
engineering.voxer.com,1
www.nearform.com,2
xabikos.com,1
about.travis-ci.org,1
jakearchibald.com,1
img.memegenerator.net,1
www.telerik.com,3
urlencode.tumblr.com,1
www.imdb.com,1
www.bing.com?ref=aka&shorturl=vscode-jul19,1
www.bing.com?ref=aka&shorturl=Mbw2sy,1
eladnava.com,2
components.guide,2
icing.space,1
www.nchaulet.fr,1
next-on.netlify.app,1
2020.stateofjs.com,1
doc.codingdict.com,1
www.bobrosslipsum.com,1
blog.cloud66.com,1
developers.google.com,2
plotly.com,1
semver-calc.vercel.app,1
www.flickr.com,1
blurhash-wasm.netlify.app,1
maurovieirareis.github.io,1
matteo-gabriele.medium.com,1
cjpatoilo.com,1
milligram.io,1
duo.com,2
go.googlesource.com,1
feedback.fish,1
feedback-fish-angular.netlify.app,1
blog.hellojs.org,1
www.webcodegeeks.com,2
www.livecoding.tv,1
pedroreys.com,2
lu.ma,1
gatsby-theme-sky-lite.netlify.app,1
js2go.com,1
developer.hatenastaff.com,2
qiita.com:443,4
hostnotion.co,1
fruitionsite.com,1
gruntjs.com,1
pixeleate.com,1
tnw.to,1
cloc.sourceforge.net,1
roblox-ts.github.io,1
hackerone.com,1
afteracademy.com,1
www.infoworld.com,2
720kb.github.io,2
react-kawaii.vercel.app,1
morizyun.github.io,3
elegantcode.com,1
roamresearch.com,1
www.notion.so,1
thanosjs.org,1
chrome.google.com,1
www.glassdoor.com,1
developer.android.com,1
nick.freear.org.uk,1
akabeko.me,1
nodeknockout.tumblr.com,1
glitch.happyfox.com,1
tomhummel.com,1
gilesbowkett.blogspot.com,1
www.railsonmaui.com,2
reactrails.com,2
ashleynolan.co.uk,1
www.kyndryl.com,1
ripplejs.github.io,1
bugs.eclipse.org,1
mxstbr.blog,1
vine.co,1
wptavern.com,1
www.jitbit.com,1
www.php.net,1
emasuriano.github.io,1
www.loom.com,1
speier.github.com,1
muffinman.io,1
wesleylhandy.github.io,1
npmpackagejsonlint.org,1
gitlab.alpinelinux.org,1
tomastrajan.medium.com,2
plaid.com,1
christianliebel.com,2
www.creativebloq.com,1
wanago.io,1
ericlathrop.com,1
derickbailey.com,2
www.eventbrite.com,2
arunmichaeldsouza.com,1
cmichel.io,1
vue-nice-avatar.vercel.app,1
thefullstack.xyz,1
noahzinsmeister.gitbook.io,1
www.wantedly.com,1
www.wilhelm.co.za,1
daily-tech-news.github.io,2
speckyboy.com,1
www.simplechat.support,2
www.julian.io,3
atmospherejs.com,1
jsguru.io,1
webpro.github.io,2
6to5.github.io,1
www.tomsquest.com,1
getcomposer.org,1
reviews.freebsd.org,1
www.attilagyorffy.com,1
docs.quirrel.dev,1
hexo.io,1
r.va.gg,1
fly.io,1
noticias.uol.com.br,1
threatpost.com,1
enet4.wordpress.com,1
blog.appsignal.com,1
microsoft.github.io,2
blog.gopheracademy.com,1
workmarket.tech,1
infinite.red,1
nomangul.github.io,2
www.benmvp.com,1
www.learnwithjason.dev,1
npm-dashboard.netlify.app,1
www.lafermeduweb.net,1
ish.app,1
tokenizers-releases.s3.amazonaws.com,1
dfkaye.com,2
cordova.slack.com,1
www.rust-lang.org,1
www.computerworld.com,2
www.redbubble.com,1
tiny.cc,1
docs.gradle.org,1
mottox2.com,1
blog.amp.dev,1
www.pwabuilder.com,1
ln.is,5
is-parcel-2-out-yet.vercel.app,1
www.infragistics.com,1
fishshell.com,1
stedolan.github.io,2
etherscan.io,2
i.vgy.me,1
lucasfcosta.com,2
poznajprogramowanie.pl,1
timingapp.com,1
japan.pm,2
yapcjapan.connpass.com,2
ivanjov.com,1
prosperitylicense.com,1
blog.rodrigograca.com,1
blog.csdn.net,1
jh3y.medium.com,1
pjchender.blogspot.com,2
www.acefitness.org,1
www.cutehacks.com,1
bugreports.qt.io,1
flows.nodered.org,1
validator.w3.org,1
daviddalbusco.medium.com,1
geofirestore.com,2
ohmyz.sh,1
ww38.blog.michaelhidalgo.info,1
kvyn.medium.com,1
flip.it,1
philna.sh,1
lord.io,1
pbs.twimg.com,1
www.linux.com,1
www.developpez.com,1
fs.blog,1
www.comae.com,1
secapps.com,1
tarosky.co.jp,1
ionic.io,1
docs.deckdeckgo.com,1
silver-surfer.masteringnova.com,1
fcc.timhagn.com,1
blog.phylum.io,1
pento.net,1
thejavascriptpromise.com,1
cdaringe.com,1
eirikb.github.com,1
iphone-mania.jp,1
docs.pipenv.org,1
pixelgrid.zwezdin.com,1
blog.jacobtan.co,1
bitly.com,1
kremalicious.com,1
archiveprogram.github.com,1
myget.org,1
mizchi.hatenablog.com,1
developers.freee.co.jp,2
ultimatecourses.com,1
markus.oberlehner.net,2
www.viget.com,1
kristof0425.github.io,1
joelhooks.com,1
htop.dev,1
bitsofco.de,1
reactarmory.com,1
developers.clever-cloud.com,1
pages.charlesreid1.com,1
tomastrajan.com,1
zebzhao.github.io,1
install.meteor.com,1
enshrined.co.uk,1
medium.mybridge.co,1
modeldepot.github.io,1
modeldepot.io,1
www.gowhich.com,5
samthor.au,1
frknbasaran.github.io,1
iskanunu.com,1
ngx-auth-firebaseui.slack.com,1
kik.com,1
issuetracker.google.com,2
www.jkawamoto.info,1
www.codeproject.com,1
blog.wuc.me,1
mongodb.github.io,1
mongoosejs.com,1
ww25.aganglada.com,1
memo.sugyan.com,1
daisyui.com,1
s0ands0.github.io,4
jestjs.io,1
dfurtado.com,1
descriptive.audio,1
www.protechtraining.com,1
motion-layout.azurewebsites.net,1
www.kinder-verstehen.de,1
deno.town,1
www.clear-code.com,1
planner.js.org,1
moment.github.io,1
n.survol.fr,1
linuxfr.org,2
putaindecode.io,1
maxlab.fr,2
cleanuri.com,1
githubsatellite.com,2
ashishcodes4.github.io,1
www.brainyquote.com,1
paritosh4tech.hashnode.dev,1
material.angular.io,1
www.wired.com,1
www.sweetjs.org,1
christianheyn.github.io,1
www.udemy.com,2
www.reversinglabs.com,1
nickpoorman-deactivated20200229.tumblr.com,1
www.climate-kic.org,1
challenge.greemta.eu,1
gunosy.com,1
teamtreehouse.com,1
www.assemblyscript.org,1
www.patreon.com:443,1
www.patreon.com,1
ostr.io,1
devhumor.com,1
www.maxivanov.io,2
make.wordpress.org,5
gziolo.pl,1
www.learncloudnative.com,1
compodoc.app,1
webdash.xyz,1
takemikami.com,1
nikola-breznjak.com,11
code-maven.com,1
akullpp.github.io,1
www.ngxs.io,2
salesforce.stackexchange.com,1
edition.cnn.com,1
smddzcy.com,2
mattshull.com,1
blog.yapcjapan.org,2
www.techrepublic.com,1
abicky.net,1
futurice.com,2
www.rafflecopter.com,1
www.keycdn.com,1
www.albertovarela.net,1
parall.ax,1
downforeveryoneorjustme.com,1
ohmyposh.dev,1
teslajs.com,1
app.netlify.com,1
nodered.org,1
htn.to:443,1
www.campusmvp.es,8
webschool-tours.fr,1
hotframeworks.com,1
manuel.bernhardt.io,1
hashbang.nl,1
svrooij.io,1
git-scm.com,1
iconify.design,1
chrisglass.com,1
apple.news,1
bluepnume.medium.com,1
shisama.hatenablog.com,1
www.jsmonday.dev,1
www.tweeeety.blog,1
www.octochangelog.com,1
docs.cypress.io,1
community.chocolatey.org,1
exploring-data.com,1
blog.suryatejak.in,1
semu.github.com,1
feinternational.com,1
www.typefox.io,1
ngeor.com,1
watilde.hatenablog.com,1
deck.gl,1
pt.stackoverflow.com,1
brianm.me,1
nj0ql.csb.app,1
www.zwicon.com,1
ever-js.github.io,2
gautsch.codes,1
npm.fontawesome.com,1
ngxlite.com,1
doc.crates.io,1
slack.engineering,1
bille.dev,1
www.bing.com?ref=aka&shorturl=ntvslatest,1
vuepress.vuejs.org,1
preact-bulma.surge.sh,1
docs.renovatebot.com,1
takayukinakata.hatenablog.com,1
devnot.com,1
community.sap.com:443,3
pages.community.sap.com,2
latest-openui5.rikosjett.com,1
player.fm,1
blog.vcarl.com,1
blaipratdesaba.com,1
www.genbeta.com,1
www.powershellgallery.com,1
cli.vuejs.org,1
code-workshop-kit.com,1
blog.scottlogic.com,1
blog.nativescript.org,2
www.yourdomain.com,1
maryrosecook.notion.site,1
www.tvtime.com,1
online.visualstudio.com,1
benclinkinbeard.com,1
ethereum.org,2
jastrzebowski.tumblr.com,1
seldo.com,1
betterprogramming.pub,1
manitej.hashnode.dev,1
ww16.nodesimplified.com,1
riad.blog,1
bignerdranch.com,1
mysterycommand.tumblr.com,2
latesthackingnews.com,1
cabal-version-calculator.netlify.app,1
uasi.hatenablog.com,1
urre.me,1
blog.yipl.com.np,1
www.mizdra.net,1
www.baidu.com,1
